PLA_PLUS_White.jpg|pla-plus-white.jpg
PLA_PLUS_Black.jpg|pla-plus-black.jpg
PLA_CORED LUMINOUS ORANGE.jpg|pla-cored-luminous-orange.jpg
PLA_CORED LUMINOUS GREEN.jpg|pla-cored-luminous-green.jpg
PLA_CORED LUMINOUS BLUE.jpg|pla-cored-luminous-blue.jpg
PLA_CORED LUMINOUS PURPLE.jpg|pla-cored-luminous-purple.jpg
PLA_Luminous_Blue.jpg|pla-luminous-blue.jpg
PLA_Luminous_Green.jpg|pla-luminous-green.jpg
PLA-Matte_Mint Green 2.jpg|pla-matte-mint-green.jpg
PLA-Matte_Strawberry Red 2.jpg|pla-matte-strawberry-red.jpg
PLA-Matte_Lilac 2.jpg|pla-matte-lilac.jpg
PLA-Matte_Black 2.jpg|pla-matte-black.jpg
PLA-Matte_Tangerine 2.jpg|pla-matte-tangerine.jpg
PLA-Matte_Matcha Green 2.jpg|pla-matte-matcha-green.jpg
PLA-Matte_Morandi Green 2.jpg|pla-matte-morandi-green.jpg
PLA-Matte_Morandi Purple 2.jpg|pla-matte-morandi-purple.jpg
PLA-Matte_Milky White 2.jpg|pla-matte-milky-white.jpg
PLA-Matte_Light Khaki 2.jpg|pla-matte-light-khaki.jpg
PLA-Matte_Light BLue 2.jpg|pla-matte-light-blue.jpg
PLA-Matte_Dary Grey 2.jpg|pla-matte-dark-grey.jpg
PLA-Matte_Peach Pink 2.jpg|pla-matte-peach-pink.jpg
PLA-Matte_FIRE ENGINE RED 2.jpg|pla-matte-fire-engine-red.jpg
PLA-Matte_Almond Yellow 2.jpg|pla-matte-almond-yellow.jpg
PLA-Matte_BROWN 2.jpg|pla-matte-brown.jpg
PLA-Matte_Olive Green 2.jpg|pla-matte-olive-green.jpg
PLA-Matte_Dark Blue 2.jpg|pla-matte-dark-blue.jpg
AQUA 2.jpg|pla-matte-aqua.jpg
PLA-Matte_CONCRETE 2.jpg|pla-matte-concrete-grey.jpg
PLA-Matte_Rainbow 2.jpg|pla-matte-rainbow.jpg
PLA-Matte Rainbow_PADDY FIELD 2.jpg|pla-matte-rainbow-paddy.jpg
PLA-Matte Rainbow_MACARON 2.jpg|pla-matte-rainbow-macaron.jpg
PLA-Matte Rainbow_OCEAN 2.jpg|pla-matte-rainbow-ocean.jpg
PLA-Matte Rainbow_FRUIT CANDY 2.jpg|pla-matte-rainbow-fruit-candy.jpg
PLA-Matte Rainbow_SUNRISE 4.jpg|pla-matte-rainbow-sunrise.jpg
PLA-Matte Rainbow_YELLOW WHITE AQUA 5.jpg|pla-matte-rainbow-yellow-white-aqua.jpg
PLA-Matte Rainbow_YELLOW PINK PURPLE 5.jpg|pla-matte-rainbow-yellow-pink-purple.jpg
PLA-Matte Dual_BLACK WHITE 2.jpg|pla-matte-dual-black-white.jpg
PLA-Matte Dual_BLACK_Red 2.jpg|pla-matte-dual-black-red.jpg
PLA-Matte Dual_RED YELLOW 2.jpg|pla-matte-dual-red-yellow.jpg
PLA-Matte Dual_RED BLUE 2.jpg|pla-matte-dual-red-blue.jpg
PLA-Matte Dual_GREEN PINK 5.jpg|pla-matte-dual-green-pink.jpg
PLA-Matte Dual_BLUE GREEN 5.jpg|pla-matte-dual-blue-green.jpg
PLA-Matte Dual_GREEN PURPLE 2.jpg|pla-matte-dual-green-purple.jpg
PLA-Matte Dual_PURPLE BLUE 2.jpg|pla-matte-dual-blue-purple.jpg
PLA_Metal_Gold.jpg|pla-metal-gold.jpg
PLA_Metal_Antique_Brass.jpg|pla-metal-antique-brass.jpg
PETG_CF_Dark Blue 2.jpg|petg-cf-dark-blue.jpg
PETG_CF_Dark Grey 2.jpg|petg-cf-dark-grey.jpg
PETG_CF_Black Red 2.jpg|petg-cf-black-red.jpg
PETG_CF_Dark Green 2.jpg|petg-cf-dark-green.jpg
PETG_CF_Antique_Brass.jpg|petg-cf-antique-brass.jpg
PETG_CF_Black 2.jpg|petg-cf-black.jpg